images/003-Gmax.png,images/080.png,images/094.png
images/006-Gmax.png,images/088-Alola.png,images/052-Galar.png
images/027-Alola.png,images/077-Galar.png,images/025-Phd.png
images/090.png,images/025.png,images/065-Mega.png
images/021.png,images/025-Kalos-Cap.png,images/067.png
images/016.png,images/099-Gmax.png,images/025-Unova-Cap.png
images/052-Gmax.png,images/083-Galar.png,images/037-Alola.png
images/074-Alola.png,images/017.png,images/006-Mega-Y.png
images/076.png,images/074.png,images/022.png
images/051-Alola.png,images/021.png,images/083.png
images/066.png,images/027.png,images/013.png
images/036.png,images/047.png,images/089.png
images/027.png,images/031.png,images/042.png
images/072.png,images/038.png,images/055.png
images/079-Galar.png,images/055.png,images/006-Mega-Y.png
images/052.png,images/058.png,images/097.png
images/051.png,images/023.png,images/090.png
images/053.png,images/029.png,images/075.png
images/024.png,images/056.png,images/089.png
images/059.png,images/088-Alola.png,images/031.png
images/084.png,images/026-Alola.png,images/038.png
images/012.png,images/092.png,images/018-Mega.png
images/049.png,images/075.png,images/068.png
images/054.png,images/013.png,images/016.png
images/006-Mega-X.png,images/013.png,images/057.png
images/007.png,images/080.png,images/046.png
images/007.png,images/038.png,images/045.png
images/025-Belle.png,images/067.png,images/025-World-Cap.png
images/056.png,images/079-Galar.png,images/025-Phd.png
images/009-Gmax.png,images/030.png,images/025-Libre.png
images/012-Gmax.png,images/062.png,images/009-Mega.png
images/095.png,images/068-Gmax.png,images/084.png
images/003-Gmax.png,images/025-Gmax.png,images/095.png
images/070.png,images/078-Galar.png,images/082.png
images/078.png,images/052-Gmax.png,images/011.png
images/012-Gmax.png,images/052-Galar.png,images/054.png
images/065.png,images/015-Mega.png,images/094-Mega.png
images/023.png,images/025-Libre.png,images/088-Alola.png
images/052-Gmax.png,images/055.png,images/078-Galar.png
images/037-Alola.png,images/026.png,images/027-Alola.png
images/068-Gmax.png,images/023.png,images/020.png
images/081.png,images/025-Phd.png,images/019-Alola.png
images/094-Gmax.png,images/058.png,images/027-Alola.png
images/097.png,images/010.png,images/031.png
images/089.png,images/094.png,images/052-Gmax.png
images/006-Mega-Y.png,images/047.png,images/004.png
images/056.png,images/066.png,images/077-Galar.png
images/012-Gmax.png,images/023.png,images/025-Phd.png
images/040.png,images/025-World-Cap.png,images/013.png
images/015-Mega.png,images/025-Libre.png,images/054.png
images/020-Alola.png,images/085.png,images/053-Alola.png
images/089-Alola.png,images/058-Hisui.png,images/064.png
images/069.png,images/083.png,images/015.png
images/022.png,images/019.png,images/009-Gmax.png
images/080-Mega.png,images/053-Alola.png,images/075.png
images/025-Unova-Cap.png,images/025-Rock-Star.png,images/033.png
images/018.png,images/041.png,images/020-Alola.png
images/094-Mega.png,images/065.png,images/047.png
images/064.png,images/089-Alola.png,images/025-World-Cap.png
images/015-Mega.png,images/013.png,images/054.png
images/025-Gmax.png,images/079.png,images/002.png
images/025-Sinnoh-Cap.png,images/068-Gmax.png,images/003.png
images/057.png,images/022.png,images/032.png
images/083-Galar.png,images/059.png,images/094-Mega.png
images/014.png,images/080-Galar.png,images/073.png
images/025.png,images/096.png,images/077-Galar.png
images/087.png,images/006-Gmax.png,images/052-Galar.png
images/056.png,images/019.png,images/015.png
images/028-Alola.png,images/050-Alola.png,images/037.png
images/090.png,images/042.png,images/096.png
images/009-Mega.png,images/054.png,images/002.png
images/080-Mega.png,images/006-Gmax.png,images/040.png
images/005.png,images/019-Alola.png,images/037.png
images/002.png,images/076-Alola.png,images/023.png
images/068.png,images/006-Gmax.png,images/009-Gmax.png
images/065-Mega.png,images/094-Mega.png,images/037.png
images/025-Unova-Cap.png,images/070.png,images/046.png
images/026-Alola.png,images/054.png,images/096.png
images/025-Pop-Star.png,images/061.png,images/077-Galar.png
images/060.png,images/074.png,images/047.png
images/037-Alola.png,images/076.png,images/008.png
images/016.png,images/080.png,images/003-Gmax.png
images/082.png,images/029.png,images/048.png
images/093.png,images/004.png,images/094-Mega.png
images/025-Rock-Star.png,images/063.png,images/020.png
images/052-Alola.png,images/076.png,images/094-Mega.png
images/025-Gmax.png,images/085.png,images/009-Mega.png
images/025-Pop-Star.png,images/027.png,images/037.png
images/010.png,images/060.png,images/025.png
images/054.png,images/025-World-Cap.png,images/017.png
images/087.png,images/025.png,images/046.png
images/094.png,images/021.png,images/075.png
images/026.png,images/058-Hisui.png,images/002.png
images/048.png,images/044.png,images/095.png
images/021.png,images/012-Gmax.png,images/025-Unova-Cap.png
images/052-Galar.png,images/067.png,images/063.png
images/074.png,images/006-Mega-Y.png,images/095.png
images/049.png,images/051-Alola.png,images/055.png
images/094-Gmax.png,images/036.png,images/034.png
images/004.png,images/082.png,images/028.png
images/038.png,images/012-Gmax.png,images/028-Alola.png
images/050-Alola.png,images/037-Alola.png,images/069.png
images/067.png,images/015.png,images/071.png
images/012.png,images/051-Alola.png,images/045.png
images/061.png,images/041.png,images/038-Alola.png
images/052-Galar.png,images/038.png,images/075-Alola.png
images/018-Mega.png,images/083.png,images/043.png
images/025-Unova-Cap.png,images/006-Mega-Y.png,images/047.png
images/037-Alola.png,images/026-Alola.png,images/018-Mega.png
images/099-Gmax.png,images/058.png,images/025-Libre.png
images/045.png,images/094.png,images/033.png
images/025.png,images/090.png,images/025-Gmax.png
images/063.png,images/014.png,images/028-Alola.png
images/012-Gmax.png,images/019.png,images/025-Belle.png
images/025-Belle.png,images/027.png,images/020-Alola.png
images/014.png,images/006-Mega-X.png,images/084.png
images/015-Mega.png,images/072.png,images/018.png
images/088-Alola.png,images/025-Unova-Cap.png,images/027-Alola.png
images/003-Gmax.png,images/009-Gmax.png,images/052-Galar.png
images/075-Alola.png,images/068.png,images/053.png
images/068.png,images/025-Unova-Cap.png,images/022.png
images/036.png,images/082.png,images/051-Alola.png
images/006-Gmax.png,images/083-Galar.png,images/051-Alola.png
images/094-Gmax.png,images/025-Sinnoh-Cap.png,images/070.png
images/005.png,images/040.png,images/019-Alola.png
images/053.png,images/082.png,images/010.png
images/002.png,images/070.png,images/020.png
images/001.png,images/081.png,images/083.png
images/015.png,images/075.png,images/058.png
images/052-Galar.png,images/061.png,images/003.png
images/062.png,images/084.png,images/025-Phd.png
images/042.png,images/093.png,images/030.png
images/025-Libre.png,images/028.png,images/054.png
images/080.png,images/002.png,images/006-Mega-X.png
images/075-Alola.png,images/084.png,images/071.png
images/096.png,images/075-Alola.png,images/079-Galar.png
images/030.png,images/081.png,images/018-Mega.png
images/025-Phd.png,images/053.png,images/068-Gmax.png
images/002.png,images/003-Gmax.png,images/007.png
images/058.png,images/027-Alola.png,images/016.png
images/079-Galar.png,images/025-Belle.png,images/025-Pop-Star.png
images/003.png,images/079.png,images/062.png
images/066.png,images/006-Mega-X.png,images/052.png
images/045.png,images/048.png,images/074-Alola.png
images/006-Mega-Y.png,images/053.png,images/030.png
images/015.png,images/053-Alola.png,images/066.png
images/080.png,images/043.png,images/007.png
images/021.png,images/047.png,images/067.png
images/099.png,images/007.png,images/047.png
images/064.png,images/049.png,images/011.png
images/083.png,images/016.png,images/052.png
images/046.png,images/074-Alola.png,images/089.png
images/093.png,images/029.png,images/004.png
images/081.png,images/009.png,images/052-Gmax.png
images/025-Belle.png,images/019-Alola.png,images/025.png
images/012.png,images/065.png,images/026.png
images/095.png,images/020-Alola.png,images/052.png
images/037.png,images/094-Gmax.png,images/064.png
images/053-Alola.png,images/006-Mega-Y.png,images/087.png
images/065-Mega.png,images/078-Galar.png,images/038.png
images/094.png,images/099.png,images/061.png
images/042.png,images/020.png,images/024.png
images/019-Alola.png,images/006-Gmax.png,images/099-Gmax.png
images/083-Galar.png,images/076-Alola.png,images/052.png
images/027.png,images/099.png,images/068.png
images/097.png,images/003-Gmax.png,images/078-Galar.png
images/001.png,images/038-Alola.png,images/025-Rock-Star.png
images/057.png,images/038-Alola.png,images/052.png
images/018-Mega.png,images/052.png,images/005.png
images/012.png,images/017.png,images/032.png
images/068-Gmax.png,images/006-Mega-Y.png,images/046.png
images/025-Phd.png,images/075.png,images/070.png
images/074.png,images/037.png,images/091.png
images/038.png,images/094-Gmax.png,images/084.png
images/094-Gmax.png,images/075.png,images/025-Phd.png
images/062.png,images/067.png,images/006-Mega-X.png
images/085.png,images/089-Alola.png,images/094.png
images/031.png,images/006-Mega-Y.png,images/015-Mega.png
images/025-Belle.png,images/004.png,images/025-Unova-Cap.png
images/079.png,images/025-Kalos-Cap.png,images/046.png
images/064.png,images/044.png,images/076-Alola.png
images/091.png,images/056.png,images/073.png
images/077-Galar.png,images/059.png,images/025-Phd.png
images/022.png,images/050-Alola.png,images/012.png
images/075-Alola.png,images/053-Alola.png,images/025-Rock-Star.png
images/026.png,images/079-Galar.png,images/022.png
images/012.png,images/080-Galar.png,images/083-Galar.png
images/075.png,images/051.png,images/025.png
images/012.png,images/047.png,images/068.png
images/025-Phd.png,images/012.png,images/013.png
images/007.png,images/034.png,images/027-Alola.png
images/030.png,images/006-Mega-X.png,images/006-Mega-Y.png
images/027.png,images/040.png,images/037.png
images/029.png,images/094-Mega.png,images/093.png
images/050-Alola.png,images/040.png,images/094-Gmax.png
images/022.png,images/056.png,images/027.png
images/052-Gmax.png,images/080.png,images/082.png
images/029.png,images/068.png,images/080.png
images/093.png,images/053-Alola.png,images/092.png
images/008.png,images/049.png,images/041.png
